{
  "{'year': 2024, 'lat': 41.9028, 'lng': 12.4964, 'range': 20000, 'month': '02', 'bedrooms': 1}": {
    "error": "",
    "response": {
      "requestId": "636dd62f-bfb3-4ab0-9e56-1a88c27c5a1a",
      "processedProperties": 500,
      "mediumPrice": 87.26131034482759,
      "mediumAvailablePrice": 87.2888916500994,
      "availability": 55.50344827586207
    }
  },
  "{'year': 2024, 'lat': 41.8885, 'lng': 12.467, 'range': 2000, 'month': '1'}": {
    "error": "",
    "response": {
      "requestId": "efa8a2a9-b166-4658-be65-2d47f41ecfa3",
      "processedProperties": 500,
      "mediumPrice": 119.72967741935484,
      "mediumAvailablePrice": 132.91583186014535,
      "availability": 65.69032258064516
    }
  }
}