{
  "{}": {
    "error": "",
    "response": "{\"score\":74.0857142857143,\"rating\":\"greed\",\"timestamp\":\"2023-06-23T23:59:57+00:00\",\"previous_close\":78.4857142857143,\"previous_1_week\":79.9142857142857,\"previous_1_month\":63.7428571428571,\"previous_1_year\":26.742857142857144}"
  }
}