{
  "{'lat': '35.6895', 'lon': '139.6917'}": {
    "error": "",
    "response": {
      "azimuth": 65.38925664438091,
      "elevation": 5.315550295631471
    }
  },
  "{'lat': '40.7128', 'lon': '-74.0060'}": {
    "error": "",
    "response": {
      "azimuth": 163.4540901658927,
      "elevation": 71.69247992771194
    }
  },
  "{'lat': '37.7749', 'lon': '-122.4194'}": {
    "error": "",
    "response": {
      "azimuth": 91.74020953638734,
      "elevation": 41.87445904519667
    }
  },
  "{'lat': '51.5074', 'lon': '-0.1278'}": {
    "error": "",
    "response": {
      "azimuth": 268.5205560858658,
      "elevation": 31.140299334094085
    }
  },
  "{'lat': '1.3521', 'lon': '103.8198'}": {
    "error": "",
    "response": {
      "azimuth": 56.27467599293675,
      "elevation": -42.85553376742392
    }
  },
  "{'lat': '34.0522', 'lon': '-118.2437'}": {
    "error": "",
    "response": {
      "azimuth": 325.45333759077437,
      "elevation": -24.484200564524592
    }
  },
  "{'lat': '47.6062', 'lon': '-122.3321'}": {
    "error": "",
    "response": {
      "azimuth": 325.6261476625189,
      "elevation": -12.957398174622258
    }
  },
  "{'lat': '33.6846', 'lon': '-117.8265'}": {
    "error": "",
    "response": {
      "azimuth": 330.17285590109236,
      "elevation": -28.020725374701442
    }
  },
  "{'lat': '3.2028', 'lon': '73.2207'}": {
    "error": "",
    "response": {
      "azimuth": 299.0348789389165,
      "elevation": -33.02254207905756
    }
  }
}