{
    "{}": {
        "error": "",
        "response": {
            "success": true,
            "data": {
                "rgb": {
                    "R": 92,
                    "G": 57,
                    "B": 34
                },
                "hex": "#5c3922",
                "hsv": {
                    "H": 0.06609195402298852,
                    "S": 0.6304347826086957,
                    "V": 0.3607843137254902
                },
                "hsl": {
                    "H": 0,
                    "S": 0.4603174603174603,
                    "L": 0.24705882352941178
                }
            }
        }
    },
    "{'dummy': 'argument'}": {
        "error": "",
        "response": "A random color has been generated successfully. The color details are as follows: RGB(135, 206, 250), Hex #87CEFA, HSV(0.5833, 0.4600, 0.9804), HSL(0.5833, 0.9200, 0.7500). This color corresponds to a light sky blue, reminiscent of a clear, sunny sky."
    }
}