{
    "{'pair_id': 1, 'period': 'hourly'}": {
        "error": "",
        "response": {
            "price_open": 1887.9520309960806,
            "price_high": 1888.0567463798407,
            "price_low": 1887.9190968703035,
            "price_close": 1888.0567463798407,
            "volume": 8615.207318,
            "buys": 4,
            "sells": 1,
            "liquidity_high": 27416748.847216,
            "liquidity_low": 27356568.936529998,
            "liquidity_events": 0
        }
    },
    "{'pair_id': 1, 'period': 'latest'}": {
        "error": "",
        "response": {
            "price_open": 1920.25,
            "price_high": 1930.47,
            "price_low": 1915.88,
            "price_close": 1924.22,
            "volume": 4390.4812,
            "buys": 6,
            "sells": 2,
            "liquidity_high": 27625439.2341,
            "liquidity_low": 27550018.5683,
            "liquidity_events": 2
        }
    },
    "{'pair_id': 2, 'period': 'latest'}": {
        "error": "",
        "response": {
            "price_open": 1012.34,
            "price_high": 1025.56,
            "price_low": 1008.89,
            "price_close": 1020.11,
            "volume": 12500.503,
            "buys": 10,
            "sells": 3,
            "liquidity_high": 18540000.32,
            "liquidity_low": 18450000.67,
            "liquidity_events": 1
        }
    }
}