{
  "{\n  \"a\": 9,\n  \"b\": 9\n}": {
    "error": "",
    "response": "{\"result\":81,\"delay\":8.853355552367992}"
  },
  "{'a': 5, 'b': 7}": {
    "error": "",
    "response": {
      "result": 35,
      "delay": 67.16041367084277
    }
  },
  "{'a': 35, 'b': 35}": {
    "error": "",
    "response": {
      "result": 1225,
      "delay": 29.942730398771378
    }
  },
  "{'a': 35, 'b': 3}": {
    "error": "",
    "response": {
      "result": 105,
      "delay": 29.216922441747606
    }
  },
  "{'a': 1225, 'b': 35}": {
    "error": "",
    "response": {
      "result": 42875,
      "delay": 254.25172462055295
    }
  },
  "{'a': 12, 'b': 12}": {
    "error": "",
    "response": {
      "result": 144,
      "delay": 200.43466713727548
    }
  },
  "{'a': 144, 'b': 5}": {
    "error": "",
    "response": {
      "result": 720,
      "delay": 227.6310452912525
    }
  },
  "{'a': 12, 'b': 5}": {
    "error": "",
    "response": {
      "result": 60,
      "delay": 171.8004757513601
    }
  }
}