{
  "{'ticker': 'AAPL'}": {
    "error": "",
    "response": {
      "2023-06-30": {
        "Close": 193.9700012207,
        "Dividends": 0,
        "High": 194.4799957275,
        "Low": 191.2599945068,
        "Open": 191.6300048828,
        "Stock Splits": 0,
        "Volume": 85069600
      }
    }
  }
}