{
  "{}": {
    "error": "",
    "response": {
      "status": "success",
      "data": {
        "firstNumberMin": 1,
        "firstNumberMax": 28,
        "firstNumberMean": 5.824,
        "firstNumberMedian": 5,
        "firstNumberMode": 1,
        "firstNumberSTD": 4.593,
        "firstNumberVariance": 21.09406261571493,
        "firstNumberSampleVariance": 21.09615881591524,
        "firstNumberSampleSkewness": 1.2612929671999056,
        "firstNumberSampleKurtosis": 1.5336448810675003,
        "secondNumberMin": 2,
        "secondNumberMax": 33,
        "secondNumberMean": 11.711,
        "secondNumberMedian": 11,
        "secondNumberMode": 7,
        "secondNumberSTD": 5.992,
        "secondNumberVariance": 35.90534758783842,
        "secondNumberSampleVariance": 35.90891564384437,
        "secondNumberSampleSkewness": 0.5808745721407683,
        "secondNumberSampleKurtosis": -0.2056505710453091,
        "thirdNumberMin": 3,
        "thirdNumberMax": 34,
        "thirdNumberMean": 17.495,
        "thirdNumberMedian": 17,
        "thirdNumberMode": 16,
        "thirdNumberSTD": 6.492,
        "thirdNumberVariance": 42.14743446987409,
        "thirdNumberSampleVariance": 42.15162282667325,
        "thirdNumberSampleSkewness": 0.1467564735411384,
        "thirdNumberSampleKurtosis": -0.6312157886163898,
        "fourthNumberMin": 4,
        "fourthNumberMax": 35,
        "fourthNumberMean": 23.398,
        "fouthNumberMedian": 24,
        "fourthNumberMode": 24,
        "fourthNumberSTD": 6.372,
        "fourthNumberVariance": 40.59696037569513,
        "fourthNumberSampleVariance": 40.60099465576824,
        "fourthNumberSampleSkewness": -0.25990516861386653,
        "fourthNumberSampleKurtosis": -0.6244171029978136,
        "fifthNumberMin": 7,
        "fifthNumberMax": 36,
        "fifthNumberMean": 29.266,
        "fifthNumberMedian": 31,
        "fifthNumberMode": 36,
        "fifthNumberSTD": 5.614,
        "fifthNumberVariance": 31.511525037457652,
        "fifthNumberSampleVariance": 31.514656461986863,
        "fifthNumberSampleSkewness": -0.7137309917202973,
        "fifthNumberSampleKurtosis": -0.2654787042390684,
        "allWhiteBallsMin": 1,
        "allWhiteBallsMax": 36,
        "allWhiteBallsVariance": 102.86415652028204,
        "allWhiteBallsSampleVariance": 102.86620076115567,
        "allWhiteBallsSampleSkewness": 0.10537248115996511,
        "allWhiteBallsSampleKurtosis": -1.120297124734311,
        "whiteballoccurrences": {
          "1": 1564,
          "2": 1537,
          "3": 1518,
          "4": 1468,
          "5": 1473,
          "6": 1506,
          "7": 1572,
          "8": 1438,
          "9": 1518,
          "10": 1547,
          "11": 1505,
          "12": 1515,
          "13": 1428,
          "14": 1437,
          "15": 1478,
          "16": 1544,
          "17": 1496,
          "18": 1451,
          "19": 1516,
          "20": 1477,
          "21": 1505,
          "22": 1488,
          "23": 1455,
          "24": 1476,
          "25": 1523,
          "26": 1451,
          "27": 1172,
          "28": 1157,
          "29": 1110,
          "30": 1114,
          "31": 1139,
          "32": 1137,
          "33": 1130,
          "34": 1164,
          "35": 1175,
          "36": 1136
        }
      }
    }
  }
}