{
  "{}": {
    "error": "",
    "response": {
      "words": [
        [
          "floral",
          "31236"
        ],
        [
          "reliant",
          "51246"
        ],
        [
          "penholder",
          "44223"
        ],
        [
          "upheaval",
          "65221"
        ],
        [
          "tricky",
          "62555"
        ],
        [
          "mammal",
          "36514"
        ]
      ],
      "password": "floral reliant penholder upheaval tricky mammal",
      "entropy": "197.42",
      "possible_combinations": 2.2107391972073336e+23,
      "crack_time": {
        "seconds": 22107391972073.336,
        "minutes": 368456532867.8889,
        "hours": 6140942214.464815,
        "days": 255872592.2693673,
        "weeks": 36553227,
        "months": 8529086,
        "years": 701021
      }
    }
  }
}