{
  "{'market': 'global', 'crypto': 'BTC', 'fiats': 'USD'}": {
    "error": "",
    "response": {
      "BTCUSD": {
        "last": 30538.973952410022,
        "averages": {
          "day": 30568.12317271
        },
        "timestamp": 1688294064,
        "ask": 30539.916238683803,
        "bid": 30535.719534053787
      }
    }
  },
  "{'market': 'global', 'crypto': 'BTC'}": {
    "error": "",
    "response": {
      "BTCEUR": {
        "last": 27966.341609777945,
        "averages": {
          "day": 27982.87802388015
        },
        "timestamp": 1688290393,
        "ask": 27969.0073646724,
        "bid": 27965.472198037296
      },
      "BTCUSD": {
        "last": 30546.24709300615,
        "averages": {
          "day": 30564.3089975
        },
        "timestamp": 1688290393,
        "ask": 30549.158764787597,
        "bid": 30545.297477706947
      }
    }
  },
  "{'market': 'global', 'crypto': 'MSFT'}": {
    "error": "",
    "response": "No ticker data"
  },
  "{'market': 'global', 'crypto': 'EUR'}": {
    "error": "",
    "response": "No ticker data"
  },
  "{'market': 'global', 'crypto': 'EUR', 'fiats': 'USD'}": {
    "error": "",
    "response": "No ticker data"
  },
  "{'market': 'global', 'crypto': 'BTC,ETH', 'fiats': 'USD'}": {
    "error": "",
    "response": {
      "BTCUSD": {
        "last": 30556.563733253024,
        "averages": {
          "day": 30565.12399445
        },
        "timestamp": 1688291194,
        "ask": 30561.932111740043,
        "bid": 30555.15284741997
      },
      "ETHUSD": {
        "last": 1918.6183782250278,
        "averages": {
          "day": 58554916839.13009
        },
        "timestamp": 1688291194,
        "ask": 1919.3742905884205,
        "bid": 1918.5073100726295
      }
    }
  },
  "{'market': 'global', 'crypto': 'IQD'}": {
    "error": "",
    "response": "No ticker data"
  }
}