{
  "{\n  \"gender\": \"male\",\n  \"height\": 180,\n  \"weight\": 80\n}": {
    "error": "",
    "response": "{\"info\":{\"robinson\":72.64566929133858,\"miller\":71.5212598425197,\"devine\":74.99212598425197,\"hamwi\":77.33858267716536,\"gender\":\"male\"}}"
  }
}