{
  "{'startlongitude': -48.880964, 'startlatitude': -26.31196, 'endlongitude': -48.881103, 'endlatitude': -26.313662}": {
    "error": "",
    "response": {
      "statusCode": 200,
      "body": {
        "distance": {
          "meters": 189.7602141814502,
          "kilometers": 0.1897602141814502,
          "miles": 0.1179118235931812
        }
      }
    }
  }
}