{
  "{'type': 'etf', 'securityid': 'F00000O2CG', 'duration': 'monthly'}": {
    "error": "",
    "response": {
      "columnDefs": [
        "1Month",
        "3Month",
        "YearToDate",
        "1Year",
        "3Year",
        "5Year",
        "10Year",
        "15Year",
        "SinceInception"
      ],
      "hasDailyData": true,
      "investorRankApplicable": false,
      "adjustedTaxReturnApplicable": true,
      "duration": "monthly",
      "totalReturnNAV": [
        1.80517,
        1.12816,
        4.67484,
        7.99114,
        3.42189,
        4.14236,
        5.98202,
        null,
        6.52637
      ],
      "netReturn": [
        1.80517,
        1.12816,
        4.67484,
        7.99114,
        3.42189,
        4.14236,
        5.98202,
        null,
        6.52637
      ],
      "totalReturnNavEPFlag": [],
      "totalReturnPrice": [
        2.02087,
        0.43826,
        5.00442,
        8.00722,
        3.47598,
        4.34238,
        6.03622,
        null,
        6.50064
      ],
      "totalReturnCategory": [
        0.2731999999999999,
        -0.3807799999999999,
        -0.0424199999999999,
        -0.011900000000000688,
        0.32898000000000005,
        1.3780299999999999,
        2.4676800000000005,
        null,
        null
      ],
      "totalReturnCategoryNew": [
        1.53197,
        1.50894,
        4.71726,
        8.00304,
        3.09291,
        2.76433,
        3.51434,
        5.23122,
        null
      ],
      "totalReturnCategoryPrice": [],
      "totalReturnCategoryEPFlag": [],
      "fundNumber": [
        704,
        701,
        692,
        686,
        625,
        583,
        417,
        277,
        null
      ],
      "fundNumberPrice": [],
      "totalReturnIndex": [
        null,
        null,
        null,
        null,
        null,
        null,
        null,
        null,
        null
      ],
      "totalReturnIndexNew": [
        null,
        null,
        null,
        null,
        null,
        null,
        null,
        null,
        null
      ],
      "returnRank": [
        24,
        74,
        58,
        62,
        37,
        9,
        1,
        null,
        null
      ],
      "returnMarketPriceRank": [],
      "extendedPerformanceFlag": [
        false,
        false,
        false,
        false,
        false,
        false,
        false,
        true,
        false
      ],
      "investorReturn": [
        null,
        null,
        null,
        null,
        null,
        null,
        null,
        null,
        null
      ],
      "investorReturnRank": [
        null,
        null,
        null,
        null,
        null,
        null,
        null,
        null,
        null
      ],
      "taxAdjustedReturn": [
        1.60669,
        0.57811,
        3.7602,
        5.8234,
        1.53208,
        2.083,
        3.65245,
        null,
        4.18028
      ],
      "taxAdjustedReturnRank": [
        17,
        60,
        36,
        40,
        29,
        5,
        1,
        null,
        null
      ],
      "taxCostRatio": [
        null,
        null,
        null,
        2.01,
        1.83,
        1.98,
        2.2,
        null,
        2.2
      ],
      "categoryName": "High Yield Bond",
      "indexName": "Morningstar US HY Bd TR USD",
      "name": "VanEck Fallen Angel HiYld Bd ETF",
      "overallMorningstarRating": 4,
      "morningstarRatingFor3Year": 3,
      "morningstarRatingFor5Year": 4,
      "morningstarRatingFor10Year": 5,
      "ePUsedForOverallRating": false,
      "ePUsedFor3YearRating": false,
      "ePUsedFor5YearRating": false,
      "ePUsedFor10YearRating": false,
      "fundReturnDate": "2023-06-30T05:00:00.000",
      "fundPriceReturnDate": null,
      "ratingDate": "2023-06-30T05:00:00.000",
      "categoryDate": "2023-06-30T05:00:00.000",
      "indexDate": null,
      "fundInvestorDate": "2023-06-30T05:00:00.000",
      "indexId": "F000011CVU",
      "isDailyData": false,
      "isMonthlyData": false,
      "isQuarterlyData": false,
      "inceptionDate": "2012-04-10T05:00:00.000",
      "potentialCapitalGainsExposure": -14.98496,
      "startDate": "2012-04-10T05:00:00.000",
      "cur": "USD",
      "isUKCefTemplateAvailable": false
    }
  },
  "{'type': 'etf', 'securityid': 'F00000O2CG', 'duration': '1month'}": {
    "error": "",
    "response": {
      "columnDefs": [
        "1Day",
        "1Week",
        "1Month",
        "3Month",
        "YearToDate",
        "1Year",
        "3Year",
        "5Year",
        "10Year",
        "15Year",
        "SinceInception"
      ],
      "hasDailyData": true,
      "investorRankApplicable": false,
      "adjustedTaxReturnApplicable": false,
      "duration": "daily",
      "totalReturnNAV": [
        0.1462,
        -0.47221,
        0.31342,
        0.24933,
        4.16774,
        5.93794,
        2.89884,
        3.96386,
        5.9189,
        null,
        6.464
      ],
      "netReturn": [
        null,
        null,
        null,
        null,
        null,
        null,
        null,
        null,
        null,
        null,
        null
      ],
      "totalReturnNavEPFlag": [],
      "totalReturnPrice": [
        0.51226,
        -0.50706,
        0.38544,
        0.10503,
        4.34633,
        5.30837,
        2.78566,
        4.04654,
        5.90967,
        null,
        6.42481
      ],
      "totalReturnCategory": [
        -0.005420000000000008,
        -0.07666,
        0.15253999999999998,
        -0.8631800000000001,
        -0.20542000000000016,
        -0.5121500000000001,
        0.21428000000000003,
        1.34104,
        2.42833,
        null,
        null
      ],
      "totalReturnCategoryNew": [
        0.15162,
        -0.39555,
        0.16088,
        1.11251,
        4.37316,
        6.45009,
        2.68456,
        2.62282,
        3.49057,
        5.29749,
        null
      ],
      "totalReturnCategoryPrice": [],
      "totalReturnCategoryEPFlag": [],
      "fundNumber": [
        653,
        653,
        651,
        648,
        640,
        636,
        590,
        562,
        405,
        270,
        null
      ],
      "fundNumberPrice": [],
      "totalReturnIndex": [
        -0.02918000000000001,
        0.009579999999999977,
        0.25146999999999997,
        -0.9819799999999999,
        -0.8043100000000001,
        -0.8849900000000002,
        0.22355999999999998,
        0.7744200000000001,
        1.5955599999999999,
        null,
        null
      ],
      "totalReturnIndexNew": [
        0.17538,
        -0.48179,
        0.06195,
        1.23131,
        4.97205,
        6.82293,
        2.67528,
        3.18944,
        4.32334,
        6.49103,
        null
      ],
      "returnRank": [
        45,
        66,
        31,
        91,
        65,
        66,
        40,
        9,
        1,
        null,
        null
      ],
      "returnMarketPriceRank": [],
      "extendedPerformanceFlag": [
        false,
        false,
        false,
        false,
        false,
        false,
        false,
        false,
        false,
        true,
        false
      ],
      "investorReturn": [
        null,
        null,
        null,
        null,
        null,
        null,
        null,
        null,
        null,
        null,
        null
      ],
      "investorReturnRank": [
        null,
        null,
        null,
        null,
        null,
        null,
        null,
        null,
        null,
        null,
        null
      ],
      "taxAdjustedReturn": [
        null,
        null,
        null,
        null,
        null,
        null,
        null,
        null,
        null,
        null,
        null
      ],
      "taxAdjustedReturnRank": [
        null,
        null,
        null,
        null,
        null,
        null,
        null,
        null,
        null,
        null,
        null
      ],