{
  "{'pair_id': 1, 'period': 'hourly'}": {
    "error": "",
    "response": {
      "price_open": 1887.9520309960806,
      "price_high": 1888.0567463798407,
      "price_low": 1887.9190968703035,
      "price_close": 1888.0567463798407,
      "volume": 8615.207318,
      "buys": 4,
      "sells": 1,
      "liquidity_high": 27416748.847216,
      "liquidity_low": 27356568.936529998,
      "liquidity_events": 0
    }
  }
}