{
  "{}": {
    "error": "",
    "response": {
      "Scheduled Departing Flights by Country and by Week": {
        "2020-W02": 0.0823455741,
        "2020-W03": 0.0975457639,
        "2020-W04": 0.0244907806,
        "2020-W05": 0.00374528,
        "2020-W06": -0.2213700108,
        "2020-W07": -0.6238778258,
        "2020-W08": -0.7018198447,
        "2020-W09": -0.6111341875,
        "2020-W10": -0.3977785606,
        "2020-W11": -0.4076000578,
        "2020-W12": -0.3782425073,
        "2020-W13": -0.3649742458,
        "2020-W14": -0.436580146,
        "2020-W15": -0.4617183375,
        "2020-W16": -0.4232138823,
        "2020-W17": -0.4192549968,
        "2020-W18": -0.3871893861,
        "2020-W19": -0.3135268496,
        "2020-W20": -0.2644928324,
        "2020-W21": -0.2806230286,
        "2020-W22": -0.2576427296,
        "2020-W23": -0.1836041717,
        "2020-W24": -0.1998585603,
        "2020-W25": -0.1663318516,
        "2020-W26": -0.2348778914,
        "2020-W27": -0.2091489187,
        "2020-W28": -0.2297641907,
        "2020-W29": -0.1471552341,
        "2020-W30": -0.103984888,
        "2020-W31": -0.10947618,
        "2020-W32": -0.1083848859,
        "2020-W33": -0.1045489392,
        "2020-W34": -0.0798779194,
        "2020-W35": -0.0659034305,
        "2020-W36": -0.0618559927,
        "2020-W37": -0.0331674252,
        "2020-W38": -0.0422380174,
        "2020-W39": -0.0229605222,
        "2020-W40": 0.010555917,
        "2020-W41": 0.0213551446,
        "2020-W42": -0.0018845224,
        "2020-W43": -0.0154742635,
        "2020-W44": -0.0351820923,
        "2020-W45": -0.0300464681,
        "2020-W46": -0.0322752473,
        "2020-W47": -0.0186547183,
        "2020-W48": -0.0213486471,
        "2020-W49": -0.0220568203,
        "2020-W50": -0.0215742421,
        "2020-W51": -0.0304495557,
        "2020-W52": -0.0383338036,
        "2020-W53": -0.0248803623,
        "2021-W01": -0.0943879659
      }
    }
  }
}