{
  "{}": {
    "error": "",
    "response": {
      "Scheduled Departing Flights by Country and by Week": {
        "2020-W02": 0.0265227439,
        "2020-W03": 0.0232334696,
        "2020-W04": 0.0254500716,
        "2020-W05": 0.0308596708,
        "2020-W06": 0.0263448129,
        "2020-W07": 0.022538755,
        "2020-W08": 0.0219871989,
        "2020-W09": 0.013462083,
        "2020-W10": -0.0025570928,
        "2020-W11": 0.0072707027,
        "2020-W12": 0.015071858,
        "2020-W13": -0.0343626235,
        "2020-W14": -0.2287103288,
        "2020-W15": -0.4719380733,
        "2020-W16": -0.5873595646,
        "2020-W17": -0.6129561521,
        "2020-W18": -0.6385939718,
        "2020-W19": -0.7304719251,
        "2020-W20": -0.7329447136,
        "2020-W21": -0.7204065122,
        "2020-W22": -0.7218709944,
        "2020-W23": -0.6993006993,
        "2020-W24": -0.672678046,
        "2020-W25": -0.6574566101,
        "2020-W26": -0.6381578263,
        "2020-W27": -0.5587834152,
        "2020-W28": -0.5051920437,
        "2020-W29": -0.492263829,
        "2020-W30": -0.4921976827,
        "2020-W31": -0.4968306562,
        "2020-W32": -0.4748667745,
        "2020-W33": -0.471910171,
        "2020-W34": -0.4652215974,
        "2020-W35": -0.4426623452,
        "2020-W36": -0.4566106774,
        "2020-W37": -0.4930477926,
        "2020-W38": -0.5016309618,
        "2020-W39": -0.500140523,
        "2020-W40": -0.4896515473,
        "2020-W41": -0.4739043532,
        "2020-W42": -0.4663426661,
        "2020-W43": -0.4718073138,
        "2020-W44": -0.4703197141,
        "2020-W45": -0.4621545252,
        "2020-W46": -0.4433904766,
        "2020-W47": -0.4225100957,
        "2020-W48": -0.370952892,
        "2020-W49": -0.4329037149,
        "2020-W50": -0.459370194,
        "2020-W51": -0.4220502247,
        "2020-W52": -0.377916374,
        "2020-W53": -0.3635466567,
        "2021-W01": -0.4198487311
      }
    }
  }
}