{
  "{}": {
    "error": "",
    "response": {
      "success": true,
      "data": {
        "rgb": {
          "R": 92,
          "G": 57,
          "B": 34
        },
        "hex": "#5c3922",
        "hsv": {
          "H": 0.06609195402298852,
          "S": 0.6304347826086957,
          "V": 0.3607843137254902
        },
        "hsl": {
          "H": 0,
          "S": 0.4603174603174603,
          "L": 0.24705882352941178
        }
      }
    }
  }
}