{
  "{'age': 25, 'gender': 'female', 'weight': 60, 'goal': 'weightlose', 'height': 165, 'activitylevel': 3}": {
    "error": "",
    "response": {
      "status_code": 200,
      "request_result": "Successful",
      "data": {
        "calorie": 1349.422795,
        "balanced": {
          "protein": 79.72637671057875,
          "fat": 37.16972968263465,
          "carbs": 173.99743025349292
        },
        "lowfat": {
          "protein": 87.7367034643,
          "fat": 29.60440914439566,
          "carbs": 183.00907471080976
        },
        "lowcarbs": {
          "protein": 95.88431742874356,
          "fat": 44.962702523083095,
          "carbs": 140.3053006443195
        },
        "highprotein": {
          "protein": 112.36143144207563,
          "fat": 33.65414854786801,
          "carbs": 149.27243307522133
        }
      }
    }
  },
  "{'age': 30, 'gender': 'female', 'weight': 60, 'goal': 'maintain', 'height': 165, 'activitylevel': 3}": {
    "error": "",
    "response": {
      "status_code": 200,
      "request_result": "Successful",
      "data": {
        "calorie": 1815.053295,
        "balanced": {
          "protein": 107.23668170059868,
          "fat": 49.99547998203583,
          "carbs": 234.03681208982024
        },
        "lowfat": {
          "protein": 118.01104391104911,
          "fat": 39.81967739329872,
          "carbs": 246.15800570402874
        },
        "lowcarbs": {
          "protein": 128.97006552187887,
          "fat": 60.477488352067425,
          "carbs": 188.7189094359694
        },
        "highprotein": {
          "protein": 151.13275626106196,
          "fat": 45.26681588495568,
          "carbs": 200.78023174778775
        }
      }
    }
  },
  "{'age': 30, 'gender': 'female', 'weight': 65, 'goal': 'weightlose', 'height': 165, 'activitylevel': 3}": {
    "error": "",
    "response": {
      "status_code": 200,
      "request_result": "Successful",
      "data": {
        "calorie": 1383.7922949999997,
        "balanced": {
          "protein": 81.75698988423143,
          "fat": 38.116434473053815,
          "carbs": 178.4291063013971
        },
        "lowfat": {
          "protein": 89.97133788791388,
          "fat": 30.35842689469482,
          "carbs": 187.67027534902272
        },
        "lowcarbs": {
          "protein": 98.32646977719797,
          "fat": 46.107892607386574,
          "carbs": 143.87884560618215
        },
        "highprotein": {
          "protein": 115.22325223853578,
          "fat": 34.51131226468217,
          "carbs": 153.07436891592928
        }
      }
    }
  },
  "{'age': 25, 'gender': 'female', 'weight': 65, 'goal': 'weightlose', 'height': 160, 'activitylevel': 2}": {
    "error": "",
    "response": {
      "status_code": 200,
      "request_result": "Successful",
      "data": {
        "calorie": 1136.8,
        "balanced": {
          "protein": 67.16423153692607,
          "fat": 31.313053892215507,
          "carbs": 146.58139720558876
        },
        "lowfat": {
          "protein": 73.91240526525732,
          "fat": 24.939768647786174,
          "carbs": 154.1731152772238
        },
        "lowcarbs": {
          "protein": 80.77623444399846,
          "fat": 37.87812123645122,
          "carbs": 118.19799277398629
        },
        "highprotein": {
          "protein": 94.65711987127916,
          "fat": 28.351407884151207,
          "carbs": 125.75221238938062
        }
      }
    }
  },
  "{'age': 28, 'gender': 'female', 'weight': 60, 'height': 165, 'activitylevel': 3, 'goal': 'maintain'}": {
    "error": "",
    "response": {
      "status_code": 200,
      "request_result": "Successful",
      "data": {
        "calorie": 1828.8010949999998,
        "balanced": {
          "protein": 108.04892697005975,
          "fat": 50.37416189820349,
          "carbs": 235.8094825089819
        },
        "lowfat": {
          "protein": 118.90489768049466,
          "fat": 40.12128449341838,
          "carbs": 248.02248595931394
        },
        "lowcarbs": {
          "protein": 129.94692646126063,
          "fat": 60.93556438578883,
          "carbs": 190.14832742071445
        },
        "highprotein": {
          "protein": 152.277484579646,
          "fat": 45.60968137168135,
          "carbs": 202.3010060840709
        }
      }
    }
  },
  "{'age': 30, 'gender': 'female', 'weight': 65, 'height': 165, 'activitylevel': 3, 'goal': 'maintain'}": {
    "error": "",
    "response": {
      "status_code": 200,
      "request_result": "Successful",
      "data": {
        "calorie": 1883.7922949999997,
        "balanced": {
          "protein": 111.29790804790406,
          "fat": 51.88888956287414,
          "carbs": 242.9001641856286
        },
        "lowfat": {
          "protein": 122.48031275827687,
          "fat": 41.327712893897036,
          "carbs": 255.48040698045472
        },
        "lowcarbs": {
          "protein": 133.85437021878772,
          "fat": 62.767868520674405,
          "carbs": 195.8659993596948
        },
        "highprotein": {
          "protein": 156.8563978539823,
          "fat": 46.981143318584,
          "carbs": 208.38410342920366
        }
      }
    }
  },
  "{'age': 30, 'gender': 'female', 'weight': 65, 'height': 160, 'activitylevel': 2, 'goal': 'maintain'}": {
    "error": "",
    "response": {
      "status_code": 200,
      "request_result": "Successful",
      "data": {
        "calorie": 1606.8,
        "balanced": {
          "protein": 94.93269461077834,
          "fat": 44.25916167664662,
          "carbs": 207.18419161676636
        },
        "lowfat": {
          "protein": 104.47084164339853,
          "fat": 35.25089748703626,
          "carbs": 217.91463901076986
        },
        "lowcarbs": {
          "protein": 114.17246085909282,
          "fat": 53.538498594941785,
          "carbs": 167.06591730228814
        },
        "highprotein": {
          "protein": 133.79227674979887,
          "fat": 40.073049074818925,
          "carbs": 177.74336283185852
        }
      }
    }
  },
  "{'age': 25, 'gender': 'male', 'weight': 70, 'height': 175, 'activitylevel': 3, 'goal': 'maintain'}": {
    "error": "",
    "response": {
      "status_code": 200,
      "request_result": "Successful",
      "data": {
        "calorie": 2301.038025,
        "balanced": {
          "protein": 135.94955197604776,
          "fat": 63.38188571856275,
          "carbs": 296.70071140718545
        },
        "lowfat": {
          "protein": 149.6087746609494,
          "fat": 50.48148838252886,
          "carbs": 312.0673827283606
        },
        "lowcarbs": {
          "protein": 163.50209972902462,
          "fat": 76.67047614411882,
          "carbs": 239.24883519670803
        },
        "highprotein": {
          "protein": 191.59890232300884,
          "fat": 57.387110840707884,
          "carbs": 254.53960453539838
        }
      }
    }
  },
  "{'age': 28, 'gender': 'female', 'weight': 70, 'height': 165, 'activitylevel': 2, 'goal': 'maintain'}": {
    "error": "",
    "response": {
      "status_code": 200,
      "request_result": "Successful",
      "data": {
        "calorie": 1716.3,
        "balanced": {
          "protein": 101.40215568862264,
          "fat": 47.275329341317274,
          "carbs": 221.30335329341307
        },
        "lowfat": {
          "protein": 111.59030714000804,
          "fat": 37.65317112086155,
          "carbs": 232.76505783805348
        },
        "lowcarbs": {
          "protein": 121.95307105580098,
          "fat": 57.187033319951816,
          "carbs": 178.45110397430742
        },
        "highprotein": {
          "protein": 142.90993563958165,
          "fat": 42.80394207562343,
          "carbs": 189.8561946902656
        }
      }
    }
  },
  "{'age': 30, 'gender': 'female', 'height': 165, 'weight': 60, 'activitylevel': 3, 'goal': 'maintain'}": {
    "error": "",
    "response": {
      "status_code": 200,
      "request_result": "Successful",